dosen_fasilkom,h_index,full_name,id_author,funding,sum_paper
yes,9,Achmad Nizar Hidayanto,57205093001,Hibah PITTA - Universitas Indonesia,25
yes,7,Putu Wuri Handayani,37013424100,Hibah PITTA - Universitas Indonesia,21
yes,6,Dana Indra Sensuse,53264793000,Hibah PITTA - Universitas Indonesia,20
yes,3,Betty Purwandari,56716397400,Hibah PITTA - Universitas Indonesia,18
yes,9,Harry Budi Santoso,55396730800,Hibah PITTA - Universitas Indonesia,10
yes,18,Wisnu Jatmiko,8568432600,Hibah PITTA - Universitas Indonesia,9
yes,3,Ave Adriana Pinem,56626063000,Hibah PITTA - Universitas Indonesia,9
yes,2,Yova Ruldeviyani,56119154900,Hibah PITTA - Universitas Indonesia,9
yes,10,M. Ivan Fanany,6505757323,GPU Grant - NVIDIA,9
yes,6,Yudho Giri Sucahyo,6507465058,Hibah PITTA - Universitas Indonesia,9
yes,9,Achmad Nizar Hidayanto,57205093001,PDUPT Research Grant - Ministry of Research Technology and Higher Education Republic of Indonesia,8
yes,10,M. Ivan Fanany,6505757323,Center of Excellence for Higher Education Research Grant - Ministry of Research Technology and Higher Education Republic of Indonesia,8
yes,7,Indra Budi,14021131100,Hibah PITTA - Universitas Indonesia,8
yes,4,Qorib Munajat,57190865720,Hibah PITTA - Universitas Indonesia,8
yes,9,Achmad Nizar Hidayanto,57205093001,Post Doctoral Grant - Ministry of Research Technology and Higher Education Republic of Indonesia,8
no,2,Arfive Gandhi,57188979780,Hibah PITTA - Universitas Indonesia,8
yes,4,Muhammad Rifki Shihab,56363073800,Hibah PITTA - Universitas Indonesia,7
yes,3,Rahmad Mahendra,55314037600,Hibah PITTA - Universitas Indonesia,7
yes,1,Iis Solichah,55014342100,Hibah PITTA - Universitas Indonesia,7
yes,2,Satrio Baskoro Yudhoatmojo,57188985405,Hibah PITTA - Universitas Indonesia,7
yes,4,Nur Fitriah Ayuning Budi,56521579100,Hibah PITTA - Universitas Indonesia,7
yes,8,Adila Alfa Krisnadhi,23467371600,The National Science Foundation,7
yes,7,Mirna Adriani,35611399700,Hibah PITTA - Universitas Indonesia,7
yes,10,Petrus Mursanto,24176993000,Hibah PITTA - Universitas Indonesia,7
no,32,Pascal Hitzler,8876646400,The National Science Foundation,7
yes,1,Fatimah Azzahro,57194160083,Hibah PITTA - Universitas Indonesia,7
yes,10,M. Ivan Fanany,6505757323,Hibah PITTA - Universitas Indonesia,7
yes,7,Zainal A.Hasibuan,57203922071,Hibah PITTA - Universitas Indonesia,6
yes,6,Puspa Indahati Sandhyaduhita,56118787200,Hibah PITTA - Universitas Indonesia,6
yes,1,Riri Satria,55315269500,Hibah PITTA - Universitas Indonesia,6
yes,7,Putu Wuri Handayani,37013424100,Hibah PIT9 - Universitas Indonesia,5
yes,5,Wahyu Catur Wibowo,56126778500,Hibah PITTA - Universitas Indonesia,5
yes,10,Aniati Murni Arymurthy,36815724000,Center of Excellence for Higher Education Research Grant - Ministry of Research Technology and Higher Education Republic of Indonesia,5
yes,1,Fatimah Azzahro,57194160083,Hibah PIT9 - Universitas Indonesia,5
yes,3,Ave Adriana Pinem,56626063000,PDUPT Research Grant - Ministry of Research Technology and Higher Education Republic of Indonesia,5
no,4,Dwiza Riana,56242366200,Post Doctoral Grant - Ministry of Research Technology and Higher Education Republic of Indonesia,5
no,37,Alistair M. Moffat,35586971600,The Australian Research Council,5
yes,2,Larastri Kumaralalita,55014232200,Hibah PITTA - Universitas Indonesia,4
yes,6,Alfan Farizki Wicaksono,55522888300,Seek.com,4
yes,6,Alfan Farizki Wicaksono,55522888300,The Australian Research Council,4
yes,18,Wisnu Jatmiko,8568432600,The United States Agency for International Development (USAID),4
yes,2,Ade Azurat,8980537200,Reliable Software Engineering (RSE) Laboratory - Universitas Indonesia,4
yes,2,Ade Azurat,8980537200,Hibah PITTA - Universitas Indonesia,4
yes,10,Aniati Murni Arymurthy,36815724000,GPU Grant - NVIDIA,4
no,1,Muhammad Fadhil Dzulfikar,57200214175,Hibah PITTA - Universitas Indonesia,4
no,1,Pudy Prima,57201990089,Hibah PITTA - Universitas Indonesia,4
yes,0,Iik Wilarso,57195612312,Hibah PITTA - Universitas Indonesia,4
yes,7,Putu Wuri Handayani,37013424100,PUPT Research Grant - Ministry of Research Technology and Higher Education Republic of Indonesia,4
no,0,Solikin,57194213010,Hibah PITTA - Universitas Indonesia,4
yes,4,Nur Fitriah Ayuning Budi,56521579100,PDUPT Research Grant - Ministry of Research Technology and Higher Education Republic of Indonesia,4
no,2,Handrie Noprisson,57189267265,Hibah PITTA - Universitas Indonesia,4
no,3,Elin Cahyaningsih,56595080500,Hibah PITTA - Universitas Indonesia,4
no,1,Ika Arthalia Wulandari,57200213020,Hibah PITTA - Universitas Indonesia,4
yes,3,Ika Chandra Hapsari,55885685300,Hibah PITTA - Universitas Indonesia,4
no,4,Intan Nurma Yulita,55233408900,GPU Grant - NVIDIA,4
no,4,Intan Nurma Yulita,55233408900,Center of Excellence for Higher Education Research Grant - Ministry of Research Technology and Higher Education Republic of Indonesia,4
no,3,Md Kamruzzaman Sarker,57191668076,The National Science Foundation,3
no,37,Alistair M. Moffat,35586971600,Seek.com,3
yes,8,Muhammad Anwar Ma’sum,54974181100,Hibah PITTA - Universitas Indonesia,3
no,0,Jonathan Sofian Lusa,57202980449,Hibah PITTA - Universitas Indonesia,3
yes,4,Eko Kuswardono Budiardjo,6505807438,Hibah PITTA - Universitas Indonesia,3
yes,10,Aniati Murni Arymurthy,36815724000,LPDP - Ministry of Finance Republic of Indonesia,3
no,24,L. M. Pereira,7201962404,Fundação para a Ciência e a Tecnologia,3
yes,2,Maya Retno Ayu Setyautami,56523330500,Hibah PITTA - Universitas Indonesia,3
no,7,Simon Razniewski,37117560500,The Free University of Bozen-Bolzano,3
yes,2,Maya Retno Ayu Setyautami,56523330500,Reliable Software Engineering (RSE) Laboratory - Universitas Indonesia,3
yes,4,Fariz Darari,55014563600,The Free University of Bozen-Bolzano,3
yes,10,Petrus Mursanto,24176993000,European Union Funding,3
yes,8,Ari Saptawijaya,15064729000,Fundação para a Ciência e a Tecnologia,3
yes,8,Adila Alfa Krisnadhi,23467371600,Hibah PITTA - Universitas Indonesia,3
no,3,Dumilah Ayuningtyas,56461361200,PDUPT Research Grant - Ministry of Research Technology and Higher Education Republic of Indonesia,3
no,2,Harry Tursulistyono Yani Achsan,56127179900,Hibah PITTA - Universitas Indonesia,3
yes,7,Ari Wibisono,55625531300,Hibah PITTA - Universitas Indonesia,3
yes,2,Agus Kurniawan,55636539300,The Directorate General of Higher Education (DGHE) of Indonesia,3
no,0,Andy Syahrizal,57207307277,Hibah PITTA - Universitas Indonesia,3
no,1,Muhammad Rizki Aulia Rahman Maulana,57208722837,GPU Grant - NVIDIA,3
no,2,Meidi Kosandi,55648638200,Hibah PITTA - Universitas Indonesia,3
no,11,Marcel Kyas,55973105000,The Directorate General of Higher Education (DGHE) of Indonesia,3
no,1,Muhammad Rizki Aulia Rahman Maulana,57208722837,Hibah PITTA - Universitas Indonesia,3
yes,6,Bobby Achirul Awal Nazief,6508196587,Hibah PITTA - Universitas Indonesia,3
yes,9,Achmad Nizar Hidayanto,57205093001,PUPT Research Grant - Ministry of Research Technology and Higher Education Republic of Indonesia,3
yes,7,Putu Wuri Handayani,37013424100,PDUPT Research Grant - Ministry of Research Technology and Higher Education Republic of Indonesia,3
no,34,Daniel A. Reed,57203104388,The National Aeronautics and Space Administration (NASA),2
yes,2,Clara Vania,55008384600,LPDP - Ministry of Finance Republic of Indonesia,2
no,16,Kongkiti Peter Phusavat,13403740100,PDUPT Research Grant - Ministry of Research Technology and Higher Education Republic of Indonesia,2
no,1,Rinda Wahyuni,57200213915,Hibah PITTA - Universitas Indonesia,2
no,32,Pascal Hitzler,8876646400,Fulbright Indonesia Presidential Scholarship PhD Grant,2
yes,4,Setiadi Yazid,6506236236,PUPT Research Grant - Ministry of Research Technology and Higher Education Republic of Indonesia,2
no,6,David Carral,55813191900,The National Science Foundation,2
no,1,Muhammad Muhtar Baswara Achsan,57204415604,Hibah PITTA - Universitas Indonesia,2
yes,2,Clara Vania,55008384600,University of Edinburgh,2
yes,2,Clara Vania,55008384600,The UK EPSRC Grant,2
yes,4,Muhammad Rifki Shihab,56363073800,Hibah PIT9 - Universitas Indonesia,2
no,0,Annisa Monicha Sari,57207598085,Hibah PITTA - Universitas Indonesia,2
no,0,Zikri Irfandi,57209975989,Hibah PITTA - Universitas Indonesia,2
no,4,Intan Nurma Yulita,55233408900,LPDP - Ministry of Finance Republic of Indonesia,2
yes,7,Ari Wibisono,55625531300,Hibah PIT9 - Universitas Indonesia,2
yes,3,Ave Adriana Pinem,56626063000,Hibah PIT9 - Universitas Indonesia,2
no,1,Deki Satria,57200214510,Hibah PITTA - Universitas Indonesia,2
yes,8,Adila Alfa Krisnadhi,23467371600,Fulbright Indonesia Presidential Scholarship PhD Grant,2
no,13,Adam P. Lopez,24553796900,University of Edinburgh,2
no,3,Dewa Made Sri Arsa,57193834508,Hibah PITTA - Universitas Indonesia,2
no,3,Dewa Made Sri Arsa,57193834508,PUPT Research Grant - Ministry of Research Technology and Higher Education Republic of Indonesia,2
yes,1,Fatimah Azzahro,57194160083,PDUPT Research Grant - Ministry of Research Technology and Higher Education Republic of Indonesia,2
no,1,Izzah Fadhilah Akmaliah,57200217166,Hibah PITTA - Universitas Indonesia,2
yes,6,Bobby Achirul Awal Nazief,6508196587,The National Aeronautics and Space Administration (NASA),2
no,2,Karel Juryca,57193824396,University of Pardubice,2
no,34,Daniel A. Reed,57203104388,The National Science Foundation,2
no,1,Prahastiwi Utari,56268555600,Hibah PITTA - Universitas Indonesia,2
no,3,Dumilah Ayuningtyas,56461361200,PUPT Research Grant - Ministry of Research Technology and Higher Education Republic of Indonesia,2
no,30,Krzysztof Janowicz,13610913700,The National Science Foundation,2
no,6,Jan Pidanič,21834743200,Czech Ministry of Industry and Trade,2
no,2,Karel Juryca,57193824396,PUPT Research Grant - Ministry of Research Technology and Higher Education Republic of Indonesia,2
no,37,Alistair M. Moffat,35586971600,"QUE Project - Faculty of Computer Science, Universitas Indonesia",2
no,1,Abid Nurul Hakim,57201983095,Hibah PITTA - Universitas Indonesia,2
no,1,Shidiq Al Hakim,57201134787,Hibah PITTA - Universitas Indonesia,2
yes,5,Wahyu Catur Wibowo,56126778500,Multi-discipline Research Grant - Universitas Indonesia,2
no,2,Karel Juryca,57193824396,Czech Ministry of Industry and Trade,2
yes,10,M. Ivan Fanany,6505757323,LPDP - Ministry of Finance Republic of Indonesia,2
yes,8,Ari Saptawijaya,15064729000,Hibah PITTA - Universitas Indonesia,2
yes,6,Heru Suhartanto,16423632300,Czech Ministry of Industry and Trade,2
yes,6,Heru Suhartanto,16423632300,University of Pardubice,2
yes,6,Heru Suhartanto,16423632300,PUPT Research Grant - Ministry of Research Technology and Higher Education Republic of Indonesia,2
yes,6,Heru Suhartanto,16423632300,Hibah PITTA - Universitas Indonesia,2
yes,8,Muhammad Anwar Ma’sum,54974181100,PUPT Research Grant - Ministry of Research Technology and Higher Education Republic of Indonesia,2
no,3,Puji Rahayu,55514008400,Hibah PITTA - Universitas Indonesia,2
no,0,Tashia Indah Nastiti,57202774843,Hibah PITTA - Universitas Indonesia,2
no,2,Indra Hermawan,55625519100,The United States Agency for International Development (USAID),2
no,1,Rizky Septiani,57200523895,Hibah PITTA - Universitas Indonesia,2
no,13,Adam P. Lopez,24553796900,The UK EPSRC Grant,2
yes,6,Dana Indra Sensuse,53264793000,Hibah PIT9 - Universitas Indonesia,2
no,6,Jan Pidanič,21834743200,University of Pardubice,2
yes,3,Evi Yulianti,57200186028,The Australian Research Council,2
no,19,Falk Scholer,56254255800,LPDP - Ministry of Finance Republic of Indonesia,2
no,19,Falk Scholer,56254255800,The Australian Research Council,2
no,6,Rueycheng Chen,35184848800,LPDP - Ministry of Finance Republic of Indonesia,2
yes,6,R. Yugo Kartono Isal,6507865865,"QUE Project - Faculty of Computer Science, Universitas Indonesia",2
yes,6,R. Yugo Kartono Isal,6507865865,The Australian Research Council,2
no,6,Rueycheng Chen,35184848800,The Australian Research Council,2
no,1,Foni Agus Setiawan,56669695700,Hibah PITTA - Universitas Indonesia,2
no,2,Lintang Adyuta Sutawika,57202778723,Hibah PITTA - Universitas Indonesia,2
no,5,Muhammad Febrian Rachmadi,54974181500,Hibah PITTA - Universitas Indonesia,2
no,24,L. M. Pereira,7201962404,Hibah PITTA - Universitas Indonesia,2
yes,9,Achmad Nizar Hidayanto,57205093001,Hibah PIT9 - Universitas Indonesia,2
no,1,Muhammad Ihsan Mas,57202781445,Hibah PITTA - Universitas Indonesia,2
no,2,Ario Yudo Husodo,53263950600,The United States Agency for International Development (USAID),2
no,1,Timotius Devin,57188976180,Hibah PITTA - Universitas Indonesia,2
no,1,Nanik Qodarsih,57203841017,Hibah PITTA - Universitas Indonesia,2
no,1,Amalia Rahmah,57188872133,Hibah PITTA - Universitas Indonesia,2
no,0,Alfred Boediman,57209497089,The United States Agency for International Development (USAID),2
no,0,Beno K. Pradekso,57209506010,The United States Agency for International Development (USAID),2
yes,10,Aniati Murni Arymurthy,36815724000,The National Innovation System Research Incentive Program (INSINAS) - Ministry of Research Technology and Higher Education Republic of Indonesia,2
yes,10,Aniati Murni Arymurthy,36815724000,PUPT Research Grant - Ministry of Research Technology and Higher Education Republic of Indonesia,2
yes,10,Aniati Murni Arymurthy,36815724000,Hibah PITTA - Universitas Indonesia,2
no,0,Inas Joesi Burnia,57211267958,Hibah PIT9 - Universitas Indonesia,2
no,0,Achmad Fauzi Azmi,57203134806,Hibah PITTA - Universitas Indonesia,2
yes,3,Evi Yulianti,57200186028,LPDP - Ministry of Finance Republic of Indonesia,2
no,3,Elin Cahyaningsih,56595080500,Multi-discipline Research Grant - Universitas Indonesia,2
no,13,Adam P. Lopez,24553796900,LPDP - Ministry of Finance Republic of Indonesia,2
no,2,Ayi Purbasari,55001755600,Post Doctoral Grant - Ministry of Research Technology and Higher Education Republic of Indonesia,2
no,2,Khoirunnida,57202132579,Hibah PITTA - Universitas Indonesia,2
yes,18,Wisnu Jatmiko,8568432600,PUPT Research Grant - Ministry of Research Technology and Higher Education Republic of Indonesia,2
yes,6,Dana Indra Sensuse,53264793000,Multi-discipline Research Grant - Universitas Indonesia,2
no,0,Arief Zulianto,55001755500,Post Doctoral Grant - Ministry of Research Technology and Higher Education Republic of Indonesia,2
yes,10,Petrus Mursanto,24176993000,Hibah PIT9 - Universitas Indonesia,2
yes,6,Bobby Achirul Awal Nazief,6508196587,The National Science Foundation,2
yes,1,Iis Afriyanti,57194610554,Reliable Software Engineering (RSE) Laboratory - Universitas Indonesia,2
yes,1,Iis Afriyanti,57194610554,Hibah PITTA - Universitas Indonesia,2
no,22,Werner Nutt,7003716191,The Free University of Bozen-Bolzano,2
yes,7,Indra Budi,14021131100,PUPT Research Grant - Ministry of Research Technology and Higher Education Republic of Indonesia,2
no,30,Mark A. Sanderson,7202315611,LPDP - Ministry of Finance Republic of Indonesia,2
no,7,Budi Wiweko,43061741400,The United States Agency for International Development (USAID),2
no,30,Mark A. Sanderson,7202315611,The Australian Research Council,2
no,0,Siti Hadjar,57209970187,Hibah PITTA - Universitas Indonesia,2
no,6,Jan Pidanič,21834743200,PUPT Research Grant - Ministry of Research Technology and Higher Education Republic of Indonesia,2
no,34,Dirk C. Grunwald,7006747842,The National Science Foundation,1
no,4,Brian K. Totty,6506353407,The National Aeronautics and Space Administration (NASA),1
no,4,Brian K. Totty,6506353407,Apple Computer and the Digital Equipment Corporation External Research Program,1
no,34,Dirk C. Grunwald,7006747842,The National Aeronautics and Space Administration (NASA),1
no,34,Dirk C. Grunwald,7006747842,AT&T Intel Scientific Computers and the Digital Equipment Corporation External Research Program,1
no,6,Xingxing Zhang,56578029200,LPDP - Ministry of Finance Republic of Indonesia,1
no,0,Bintang Annisa Bagustari,57210235140,Hibah PIT9 - Universitas Indonesia,1
no,0,Ade Maulana,57210772882,Hibah PITTA - Universitas Indonesia,1
no,1,Assaf Arief,57189356650,"The Center for Research and Development of Postal and Information Technology Resources, Equipment and Services",1
no,1,Mochammad Umar Al-Hafidz,57203147113,Hibah PITTA - Universitas Indonesia,1
no,1,Raisiffah Kunthi,57194547794,Hibah PITTA - Universitas Indonesia,1
no,0,Ricky Nauvaldy Ruliputra,57195204793,Hibah PITTA - Universitas Indonesia,1
no,0,Richard Vinc,57209968635,Hibah PITTA - Universitas Indonesia,1
no,0,Roby Eko Primadi,57207301231,Hibah PITTA - Universitas Indonesia,1
no,0,Muhammad Fuad Dwi Rizki,57207302645,Hibah PITTA - Universitas Indonesia,1
no,0,Gilang Bintang Hakkun Ashshidhiqi,57207314182,Hibah PITTA - Universitas Indonesia,1
no,0,Rena Nuravianty,57207314696,Hibah PITTA - Universitas Indonesia,1
no,1,Winarni,57203134899,Hibah PITTA - Universitas Indonesia,1
no,2,Bagus Amalrullah Utomo,56698234300,Hibah PITTA - Universitas Indonesia,1
no,1,Assaf Arief,57189356650,"The Center for Research and Development of Application Informatics, Ministry of Communication and Informatics, Republics of Indonesia",1
no,1,Assaf Arief,57189356650,Hibah PIT9 - Universitas Indonesia,1
no,6,Xingxing Zhang,56578029200,The UK EPSRC Grant,1
no,1,Assaf Arief,57189356650,Hibah PITTA - Universitas Indonesia,1
no,1,Sinta Denovi Rahmawati,57203177429,Hibah PIT9 - Universitas Indonesia,1
no,0,Dewi Krismawati,57211266496,Hibah PIT9 - Universitas Indonesia,1
no,0,Miftahu Rahmatika,57211268648,Hibah PIT9 - Universitas Indonesia,1
no,0,Rosalia Valentin Margareta,57207307142,Hibah PITTA - Universitas Indonesia,1
no,0,Bintang Annisa Bagustari,57210235140,Hibah PITTA - Universitas Indonesia,1
no,0,Muhammad Teguh Brillian,57207309284,Hibah PITTA - Universitas Indonesia,1
no,2,Malikus Sumadyo,57193833463,"The Scientific Modeling, Application, Research and Training for City-centered Innovation and Technology (SMART CITY) Project - Universitas Indonesia",1
no,2,Lukman Lukman,57193485049,Hibah PITTA - Universitas Indonesia,1
no,0,Mohamad Harits Nur Fauzan,57210558262,Hibah PITTA - Universitas Indonesia,1
no,6,Xingxing Zhang,56578029200,University of Edinburgh,1
no,4,Brian K. Totty,6506353407,The National Science Foundation,1
no,1,Chetan Naik,57211156055,Allen Institute for Artificial Intelligence,1
no,2,David W. Jensen,36872780500,Apple Computer and the Digital Equipment Corporation External Research Program,1
no,2,David W. Jensen,36872780500,The National Aeronautics and Space Administration (NASA),1
no,0,Septiani Andriane Sinaga,57203205892,Hibah PITTA - Universitas Indonesia,1
no,1,Hartasaia Panadea,57202158738,Hibah PITTA - Universitas Indonesia,1
no,0,D. Seprilia,57202151682,Hibah PITTA - Universitas Indonesia,1
no,1,Theresia Puspa Wijayanti,57194162817,PUPT Research Grant - Ministry of Research Technology and Higher Education Republic of Indonesia,1
no,2,Kautsarina,56411999700,The United States Agency for International Development (USAID),1
no,2,Kautsarina,56411999700,"The Center for Research and Development of Postal and Information Technology Resources, Equipment and Services",1
no,2,Kautsarina,56411999700,"The Center for Research and Development of Application Informatics, Ministry of Communication and Informatics, Republics of Indonesia",1
no,0,Briant Otmen,57211144434,Hibah PIT9 - Universitas Indonesia,1
no,1,Pamela Kareen,57200211407,Hibah PITTA - Universitas Indonesia,1
no,0,Leney Nadeak,57207302544,Hibah PITTA - Universitas Indonesia,1
no,0,Hillary Goretta,57207307735,Hibah PITTA - Universitas Indonesia,1
no,0,Oldyson Tri Anggoro,57207310345,Hibah PITTA - Universitas Indonesia,1
no,1,Satria Ramadhan,57207310824,Hibah PITTA - Universitas Indonesia,1
no,1,Muhammad Singgih Zulfikar Ansori,57193918546,Hibah PITTA - Universitas Indonesia,1
no,1,Pristi Sukmasetya,57189213600,Hibah PITTA - Universitas Indonesia,1
no,1,Tomi Sirait,57189247598,MCIT Republic of Indonesia,1
no,0,Wita Puspitarini,57209974068,Hibah PITTA - Universitas Indonesia,1
no,0,Fikri Pratama Afif,57210466148,Hibah PITTA - Universitas Indonesia,1
no,2,Novian Habibie,57188972794,PUPT Research Grant - Ministry of Research Technology and Higher Education Republic of Indonesia,1
no,0,Naili Suri Intizhami,57211322215,Hibah PITTA - Universitas Indonesia,1
no,2,Ahmad Gamal,57200131887,Hibah PITTA - Universitas Indonesia,1
no,0,Wendy D.W.T. Bayu,57211268930,Hibah PIT9 - Universitas Indonesia,1
no,0,May Iffah Rizki,57211276990,Hibah PIT9 - Universitas Indonesia,1
no,0,Lintang Matahari Hasani,57211275801,Hibah PIT9 - Universitas Indonesia,1
no,0,Valian Fil Ahli,57211270053,Hibah PIT9 - Universitas Indonesia,1
no,7,A. Bowolaksono,57205093224,Hibah PITTA - Universitas Indonesia,1
no,0,Made Dwita Juliarta,57211254788,Hibah PIT9 - Universitas Indonesia,1
no,0,Fajar Marseto,57211267466,Hibah PIT9 - Universitas Indonesia,1
no,0,Akbar Imanulrachman,57211271028,Hibah PITTA - Universitas Indonesia,1
no,0,Andes Suciani,57202454038,Hibah PITTA - Universitas Indonesia,1
no,0,Fahmi Rahmat Kurniawan,57211266757,Hibah PITTA - Universitas Indonesia,1
no,0,Rahmi Prisalia,57211268004,Hibah PITTA - Universitas Indonesia,1
no,0,Sony Suprapto,57211276983,Hibah PITTA - Universitas Indonesia,1
no,0,Teguh Raharjo,57205119837,Hibah PITTA - Universitas Indonesia,1
no,1,B. Pranata Ari,57209412940,Hibah PITTA - Universitas Indonesia,1
no,1,Anita Hidayati,57201446053,Hibah PITTA - Universitas Indonesia,1
no,9,Ruth A. Aydt,6506874034,Apple Computer and the Digital Equipment Corporation External Research Program,1
no,34,Daniel A. Reed,57203104388,AT&T Intel Scientific Computers and the Digital Equipment Corporation External Research Program,1
no,1,Robert D. Olson,57209549367,The National Science Foundation,1
no,1,Robert D. Olson,57209549367,The National Aeronautics and Space Administration (NASA),1
no,1,Robert D. Olson,57209549367,Apple Computer and the Digital Equipment Corporation External Research Program,1
no,9,Ruth A. Aydt,6506874034,The National Science Foundation,1
no,9,Ruth A. Aydt,6506874034,The National Aeronautics and Space Administration (NASA),1
no,18,Tara M. Madhyastha,56050259900,The National Science Foundation,1
no,0,Haris,57208868199,"The Center for Research and Development of Postal and Information Technology Resources, Equipment and Services",1
no,18,Tara M. Madhyastha,56050259900,The National Aeronautics and Space Administration (NASA),1
no,18,Tara M. Madhyastha,56050259900,Apple Computer and the Digital Equipment Corporation External Research Program,1
no,1,Thomas Birkett,57209400722,The National Science Foundation,1
no,1,Thomas Birkett,57209400722,The National Aeronautics and Space Administration (NASA),1
no,1,Thomas Birkett,57209400722,Apple Computer and the Digital Equipment Corporation External Research Program,1
no,2,David W. Jensen,36872780500,The National Science Foundation,1
no,34,Daniel A. Reed,57203104388,Apple Computer and the Digital Equipment Corporation External Research Program,1
no,0,Parno Nusantara,57205098871,Faculty of Computer Science - Universitas Indonesia,1
no,1,Regina Carla Handayani,57205118201,Hibah PITTA - Universitas Indonesia,1
no,1,A. Nala Freedrikson,57209410076,Hibah PITTA - Universitas Indonesia,1
no,0,Amalia Shaliha,57208585931,Hibah PITTA - Universitas Indonesia,1
no,0,Nadia Nur Annisa,57203115107,Hibah PITTA - Universitas Indonesia,1
no,0,Muthia Nabila,57208579395,Hibah PITTA - Universitas Indonesia,1
no,0,Dony Abdul Chalid,57204637218,Hibah PITTA - Universitas Indonesia,1
no,0,Sigit Sulistiyo Wibowo,57202901613,Hibah PITTA - Universitas Indonesia,1
no,0,Yunia Mandala Sari,57210765895,Hibah PITTA - Universitas Indonesia,1
no,0,Muhammad Akmal Juniawan,57203201305,Hibah PITTA - Universitas Indonesia,1
no,1,Haemiwan Z. Fathony,57194407913,Faculty of Computer Science - Universitas Indonesia,1
no,1,R. Mohamad Fatchur,57209414299,Hibah PITTA - Universitas Indonesia,1
no,1,Hary Hadiansyah,57202132857,Hibah PITTA - Universitas Indonesia,1
no,1,Melisa Helingo,57200525545,Hibah PITTA - Universitas Indonesia,1
no,1,P. Gusman Dharma,57209409129,Hibah PITTA - Universitas Indonesia,1
no,1,Azhar Aditya Rahman,57209411034,Hibah PITTA - Universitas Indonesia,1
no,2,Yulistiyan Wardhana,56118765200,Hibah PITTA - Universitas Indonesia,1
no,0,Lufi Herawan,57208585544,Hibah PITTA - Universitas Indonesia,1
no,0,P. H. Purnomo,57211274033,Hibah PIT9 - Universitas Indonesia,1
no,0,Haris,57208868199,"The Center for Research and Development of Application Informatics, Ministry of Communication and Informatics, Republics of Indonesia",1
no,0,Kenny Badjora Lubis,57207989732,Hibah PITTA - Universitas Indonesia,1
no,0,Dameria Christina Pasaribu,57207301653,Hibah PITTA - Universitas Indonesia,1
no,1,Risman Adnan,57203284838,PUPT Research Grant - Ministry of Research Technology and Higher Education Republic of Indonesia,1
no,0,Alifiannisa Lawami Diar,57207304431,PDUPT Research Grant - Ministry of Research Technology and Higher Education Republic of Indonesia,1
no,0,Afifah Nefiratika,57211275208,Hibah PITTA - Universitas Indonesia,1
no,0,Dwinanda Kinanti Suci Sekarhati,57211267086,Hibah PITTA - Universitas Indonesia,1
no,0,Radinal Setyadinsa,57209969112,Hibah PITTA - Universitas Indonesia,1
no,0,Diki Gita Purnama,57207992891,Hibah PITTA - Universitas Indonesia,1
no,0,Muhammad Nazri,57211276568,Hibah PITTA - Universitas Indonesia,1
no,0,Rio Cahyadi,57211266018,Hibah PITTA - Universitas Indonesia,1
no,0,Endah Wintarsih,57211276137,Hibah PITTA - Universitas Indonesia,1
no,87,Rajkumar Buyya,57194845546,LPDP - Ministry of Finance Republic of Indonesia,1
no,87,Rajkumar Buyya,57194845546,The Australian Research Council,1
no,6,Maria Alejandra Rodr?guez,55793189237,LPDP - Ministry of Finance Republic of Indonesia,1
no,6,Maria Alejandra Rodr?guez,55793189237,The Australian Research Council,1
no,3,Aprinaldi Jasa Mantau,57202899749,Hibah PITTA - Universitas Indonesia,1
no,12,Zhaoyan Ming,36447695600,The Singapore National Research Foundation,1
no,5,Grafika Jati,55490339500,The National Innovation System Research Incentive Program (INSINAS) - Ministry of Research Technology and Higher Education Republic of Indonesia,1
no,0,Nur Hamid,57210099255,Hibah PITTA - Universitas Indonesia,1
no,1,Wahyuningdiah Trisari Harsanti Putri,57204432883,Hibah PITTA - Universitas Indonesia,1
no,5,Grafika Jati,55490339500,Hibah PITTA - Universitas Indonesia,1
no,2,Indra Hermawan,55625519100,The National Innovation System Research Incentive Program (INSINAS) - Ministry of Research Technology and Higher Education Republic of Indonesia,1
no,3,Eka Miranda,56241215100,"Research and Technology Transfer office (RTTO), Bina Nusantara University",1
no,5,Achmad Benny Mutiara,53863823400,"Research and Technology Transfer office (RTTO), Bina Nusantara University",1
no,59,Tatseng Chua,7101702977,"Directorate General Higher Education, Ministry of Education and Cultural Indonesia",1
no,59,Tatseng Chua,7101702977,World Bank Group,1
no,2,Ernastuti,26029313100,"Research and Technology Transfer office (RTTO), Bina Nusantara University",1
no,59,Tatseng Chua,7101702977,"I-MHERE Project - Faculty of Computer Science, Universitas Indonesia",1
no,59,Tatseng Chua,7101702977,The Singapore National Research Foundation,1
no,12,Zhaoyan Ming,36447695600,"Directorate General Higher Education, Ministry of Education and Cultural Indonesia",1
no,12,Zhaoyan Ming,36447695600,World Bank Group,1
no,0,Aulia Roza Albareta,57207312826,Hibah PITTA - Universitas Indonesia,1
no,0,Aulia Roza Albareta,57207312826,European Union Funding,1
no,1,Roan Gylberth,57203283015,PUPT Research Grant - Ministry of Research Technology and Higher Education Republic of Indonesia,1
no,0,Ryann Octavianus,57207313805,Hibah PITTA - Universitas Indonesia,1
no,1,Sadhana Kumaravel,57211157298,Fulbright Indonesia Presidential Scholarship PhD Grant,1
no,1,Sadhana Kumaravel,57211157298,Allen Institute for Artificial Intelligence,1
no,2,Heeyoung Kwon,57022830700,Fulbright Indonesia Presidential Scholarship PhD Grant,1
no,18,Bernardo Magnini,22433254600,PhD scholarship - Fondazione Bruno Kessler,1
no,1,Shilvia L.Br Silalahi,57200527030,Hibah PITTA - Universitas Indonesia,1
no,0,Afira Putri Ghaisani,57208514093,Hibah PITTA - Universitas Indonesia,1
no,3,Zainal Arifin,57209018984,Hibah PITTA - Universitas Indonesia,1
no,1,D. F. Alaika,57195904787,Hibah PITTA - Universitas Indonesia,1
no,2,Heeyoung Kwon,57022830700,Allen Institute for Artificial Intelligence,1
no,1,Afira Putri Ghaisani,57202132232,Hibah PITTA - Universitas Indonesia,1
no,1,Muchamad Aldi Yusron,56491130700,Hibah PITTA - Universitas Indonesia,1
no,1,Sumarliyanti,57207311787,Hibah PITTA - Universitas Indonesia,1
no,2,Eva Fauziah,57200568289,Hibah PITTA - Universitas Indonesia,1
no,0,Ghaisani Kusumo Wardina,57193831403,Hibah PITTA - Universitas Indonesia,1
no,0,Yoga Nurdani,57193826916,Hibah PITTA - Universitas Indonesia,1
no,2,Ahmad Sabiq,57190026615,"PEKERTI Grant - Directorate General Higher Education, Ministry of Education and Cultural Indonesia",1
no,11,Niranjan V. Balasubramanian,23011406500,Fulbright Indonesia Presidential Scholarship PhD Grant,1
no,4,Umi Kalsum,56502316000,"PEKERTI Grant - Directorate General Higher Education, Ministry of Education and Cultural Indonesia",1
no,2,Nova Eka Diana,56925280400,"PEKERTI Grant - Directorate General Higher Education, Ministry of Education and Cultural Indonesia",1
no,5,Wahju Sediono,48261480500,Hibah PITTA - Universitas Indonesia,1
no,11,Niranjan V. Balasubramanian,23011406500,Allen Institute for Artificial Intelligence,1
no,1,Ardina Rizqy Rachmasari,57203160228,Hibah PITTA - Universitas Indonesia,1
no,0,Erwin Oky Sutjonong,57203157031,European Union Funding,1
no,0,R. Dimas Nugroho,57204418570,European Union Funding,1
no,0,R. Dimas Nugroho,57204418570,Hibah PITTA - Universitas Indonesia,1
no,19,Peter E. Clark,7402579556,Fulbright Indonesia Presidential Scholarship PhD Grant,1
no,19,Peter E. Clark,7402579556,Allen Institute for Artificial Intelligence,1
no,0,Iqbal Hadiyan,57211251704,Hibah PITTA - Universitas Indonesia,1
no,1,Muhammad Arvin Samuar,57200528724,Faculty of Computer Science - Universitas Indonesia,1
no,12,Zhaoyan Ming,36447695600,"I-MHERE Project - Faculty of Computer Science, Universitas Indonesia",1
no,2,Hapnes Toba,54791665700,"Directorate General Higher Education, Ministry of Education and Cultural Indonesia",1
no,0,Anggih Tangkas,57208578109,Hibah PITTA - Universitas Indonesia,1
no,0,Adzkia Husnul Abidat,57211276070,Hibah PIT9 - Universitas Indonesia,1
no,0,Ati Suci Dian Martha,57190800029,LPDP - Ministry of Finance Republic of Indonesia,1
no,0,Ati Suci Dian Martha,57190800029,Hibah PITTA - Universitas Indonesia,1
no,11,Martin Schrepp,22434417500,Hibah PITTA - Universitas Indonesia,1
no,1,Nur Fazri Ilham,57211277164,Hibah PITTA - Universitas Indonesia,1
no,0,Yolanda Trinoverly,57205030602,Hibah PITTA - Universitas Indonesia,1
no,0,Nadya Azizah,57205028418,Hibah PITTA - Universitas Indonesia,1
no,0,C. Setiyono,57208723767,Hibah PITTA - Universitas Indonesia,1
no,0,Luthfi Azizi Gumay,57211273278,Hibah PIT9 - Universitas Indonesia,1
no,0,Muhamad Fahru Rozi,57211271386,Hibah PIT9 - Universitas Indonesia,1
no,0,Syarif,57211267831,Hibah PIT9 - Universitas Indonesia,1
no,0,Freddy Fajari,57211275028,Hibah PIT9 - Universitas Indonesia,1
no,1,Chetan Naik,57211156055,Fulbright Indonesia Presidential Scholarship PhD Grant,1
no,1,Ria S.A. Anggraini,57193708241,Hibah PIT9 - Universitas Indonesia,1
no,0,A. D. Saputra,57211276062,Hibah PIT9 - Universitas Indonesia,1
no,0,Dina Febrianti Krisna,57211233999,Hibah PIT9 - Universitas Indonesia,1
no,2,Hapnes Toba,54791665700,World Bank Group,1
no,3,Radityo Eko Prasojo,56406407700,The Free University of Bozen-Bolzano,1
no,7,Gerhard Weikum,57205773868,The Free University of Bozen-Bolzano,1
no,6,Paramita Mirza,55967562700,The Free University of Bozen-Bolzano,1
no,0,Endrik,57207311747,Hibah PITTA - Universitas Indonesia,1
no,66,W. Bruce Croft,7006788293,LPDP - Ministry of Finance Republic of Indonesia,1
no,66,W. Bruce Croft,7006788293,The Australian Research Council,1
no,2,Ni Made Satvika Iswari,56593208200,Hibah PITTA - Universitas Indonesia,1
no,0,Noer Fitria Putra Setyono,57207305656,PTUPT Grant - Ministry of Research Technology and Higher Education Republic of Indonesia,1
no,1,Muhammad Ihsan Mas,57202781445,GPU Grant - NVIDIA,1
no,1,I. G.K. Rizal,57201981831,Hibah PITTA - Universitas Indonesia,1
no,1,Irwan Munandar,57201985094,Hibah PITTA - Universitas Indonesia,1
no,1,Wahyu Indra Satria,57193493629,Hibah PITTA - Universitas Indonesia,1
no,1,Rahmi Imanda,57193493583,Hibah PITTA - Universitas Indonesia,1
no,2,Isnaeni Nurrohmah,57190393060,Hibah PITTA - Universitas Indonesia,1
no,0,Tuti Purwoningsih,57210462301,Hibah PITTA - Universitas Indonesia,1
no,1,Niea Kurnia Fajar,57193831587,Hibah PITTA - Universitas Indonesia,1
no,1,Ria Arafiyah,57200722066,Hibah PITTA - Universitas Indonesia,1
no,1,R. D. Banimahendra,57201499251,Hibah PITTA - Universitas Indonesia,1
no,2,Hapnes Toba,54791665700,"I-MHERE Project - Faculty of Computer Science, Universitas Indonesia",1
no,0,Dewa Made Sri Arsa,57211060646,The National Innovation System Research Incentive Program (INSINAS) - Ministry of Research Technology and Higher Education Republic of Indonesia,1
no,2,Hapnes Toba,54791665700,The Singapore National Research Foundation,1
no,1,Adrianus Saga Ekakristi,57203205929,Hibah PITTA - Universitas Indonesia,1
no,0,Cakra Wishnu Wardhana,57207733231,Hibah PITTA - Universitas Indonesia,1
no,1,Rini Jannati,57207736464,Hibah PITTA - Universitas Indonesia,1
no,1,Made Nindyatama Nityasya,57207741109,Hibah PITTA - Universitas Indonesia,1
no,0,Muhammad Reza Qorib,57207734840,Hibah PITTA - Universitas Indonesia,1
no,3,Kiichi Kobayashi,7407130447,The National Institute of Information and Communications Technology (NICT) of Japan,1
no,8,Itsuo Kumazawa,55943452700,The National Institute of Information and Communications Technology (NICT) of Japan,1
no,1,Retno Larasati,57197729397,GPU Grant - NVIDIA,1
no,1,Retno Larasati,57197729397,Hibah PITTA - Universitas Indonesia,1
no,1,Ahmad Arinaldi,57191610698,GPU Grant - NVIDIA,1
no,1,Ahmad Arinaldi,57191610698,Center of Excellence for Higher Education Research Grant - Ministry of Research Technology and Higher Education Republic of Indonesia,1
no,2,Lintang Adyuta Sutawika,57202778723,GPU Grant - NVIDIA,1
no,1,Timotius Devin,57188976180,GPU Grant - NVIDIA,1
no,0,Mohammad Aulia Hafidh,57210817672,Hibah PIT9 - Universitas Indonesia,1
no,1,Nur Azizah Vidya,57188871016,Center of Excellence for Higher Education Research Grant - Ministry of Research Technology and Higher Education Republic of Indonesia,1
no,0,Ratna Sekundariadewi Rustamadji,57203011741,Hibah PITTA - Universitas Indonesia,1
no,1,Miesje Karmiati Purwanegara,57193399083,Hibah PITTA - Universitas Indonesia,1
no,0,Haryo Akbarianto Wibowo,57201182727,Hibah PITTA - Universitas Indonesia,1
no,0,Muhammad Rif’at,57210130472,Hibah PITTA - Universitas Indonesia,1
no,1,Arief Radityo,57203279615,Hibah PITTA - Universitas Indonesia,1
no,1,Mardeni Mihardi,57208426258,Hibah PITTA - Universitas Indonesia,1
no,0,Erry Suprayogi,57207315500,Hibah PITTA - Universitas Indonesia,1
no,1,Erryan Sazany,57208426075,Hibah PITTA - Universitas Indonesia,1
no,1,Yudo Ekanata,57203006627,Hibah PITTA - Universitas Indonesia,1
no,2,Margaretha Suharsini,57190445007,Hibah PITTA - Universitas Indonesia,1
no,0,Herio Susanto,57207303690,Hibah PITTA - Universitas Indonesia,1
no,0,Azady Bayu,57211313745,Hibah PITTA - Universitas Indonesia,1
yes,9,Achmad Nizar Hidayanto,57205093001,"Ministry of Science and Technology, Taiwan, ROC (Republic of China)",1
no,0,Rico Putra Pradana,57210822083,Hibah PIT9 - Universitas Indonesia,1
no,16,Kongkiti Peter Phusavat,13403740100,Faculty of Computer Science - Universitas Indonesia,1
yes,1,Muhammad Okky Ibrohim,57203838557,Hibah PITTA - Universitas Indonesia,1
no,0,Virda Setyani,57206668393,"Ministry of Science and Technology, Taiwan, ROC (Republic of China)",1
no,8,Yuqian Zhu,37049523800,"Ministry of Science and Technology, Taiwan, ROC (Republic of China)",1
no,8,Bo Hsiao,36982794300,"Ministry of Science and Technology, Taiwan, ROC (Republic of China)",1
no,5,Uky Yudatama,57053392900,LPDP-BUDI DN,1
no,16,Kongkiti Peter Phusavat,13403740100,LPDP-BUDI DN,1
no,0,Harwin Prahara,57211146746,Hibah PITTA - Universitas Indonesia,1
yes,2,Muhammad Hafizhuddin Hilman,57193832526,The Australian Research Council,1
no,0,Ligar Patra Yuniar,57211146165,PDUPT Research Grant - Ministry of Research Technology and Higher Education Republic of Indonesia,1
no,0,Kus Andriadi,57211144522,Hibah PIT9 - Universitas Indonesia,1
no,2,Ayi Purbasari,55001755600,Universitas Pasundan,1
no,0,Arief Zulianto,55001755500,Universitas Pasundan,1
no,1,Theresia Wati,57204156065,Hibah PITTA - Universitas Indonesia,1
no,0,Kuncoro Wicaksono Adi Baroto,57207310835,Hibah PITTA - Universitas Indonesia,1
yes,2,Muhammad Hafizhuddin Hilman,57193832526,LPDP - Ministry of Finance Republic of Indonesia,1
yes,2,Muhammad Hafizhuddin Hilman,57193832526,Hibah PITTA - Universitas Indonesia,1
no,0,Yudhistira Normandia,57200216451,Hibah PITTA - Universitas Indonesia,1
yes,10,M. Ivan Fanany,6505757323,PTUPT Grant - Ministry of Research Technology and Higher Education Republic of Indonesia,1
yes,7,Ari Wibisono,55625531300,Hibah Riset Awal -  Universitas Indonesia and Directorate of Higher Education MP3EI,1
yes,2,Agus Kurniawan,55636539300,Samsung R&D Institute Indonesia (SRIN),1
yes,1,Riri Satria,55315269500,Hibah PIT9 - Universitas Indonesia,1
yes,7,T. Basaruddin,9334901600,Hibah PITTA - Universitas Indonesia,1
yes,7,T. Basaruddin,9334901600,PUPT Research Grant - Ministry of Research Technology and Higher Education Republic of Indonesia,1
yes,10,M. Ivan Fanany,6505757323,PDD Research Grant - Ministry of Research Technology and Higher Education Republic of Indonesia,1
yes,10,M. Ivan Fanany,6505757323,The National Institute of Information and Communications Technology (NICT) of Japan,1
yes,2,Dipta Tanaya,57190002779,Hibah PITTA - Universitas Indonesia,1
yes,8,Ari Saptawijaya,15064729000,European Space Agency,1
yes,7,Bayu Anggorojati,36991829400,The United States Agency for International Development (USAID),1
yes,9,Harry Budi Santoso,55396730800,LPDP - Ministry of Finance Republic of Indonesia,1
yes,9,Harry Budi Santoso,55396730800,"The Scientific Modeling, Application, Research and Training for City-centered Innovation and Technology (SMART CITY) Project - Universitas Indonesia",1
yes,0,Yekti Wirani,57208573398,Hibah PITTA - Universitas Indonesia,1
yes,3,Erdefi Rakun,55625410200,Hibah PITTA - Universitas Indonesia,1
no,2,Meidi Kosandi,55648638200,PDUPT Research Grant - Ministry of Research Technology and Higher Education Republic of Indonesia,1
no,0,Herkules,57194714615,Hibah PITTA - Universitas Indonesia,1
no,0,Eka Ayu Puspitaningrum,57210468035,Hibah PITTA - Universitas Indonesia,1
no,0,Ivonne Margi Immanuella,57204197320,PDUPT Research Grant - Ministry of Research Technology and Higher Education Republic of Indonesia,1
no,1,Yudi Ramdhani,57202129746,Post Doctoral Grant - Ministry of Research Technology and Higher Education Republic of Indonesia,1
no,1,Rizki Tri Prasetio,57188863265,Post Doctoral Grant - Ministry of Research Technology and Higher Education Republic of Indonesia,1
no,0,Ibad Rahadian Saladdin,57204430045,PDUPT Research Grant - Ministry of Research Technology and Higher Education Republic of Indonesia,1
no,0,Zulwelly Murti,57205023239,Hibah PITTA - Universitas Indonesia,1
no,0,Annisa Andarrachmi,57205020660,Hibah PITTA - Universitas Indonesia,1
no,0,Dira Ayu Meigasari,57204786705,PDUPT Research Grant - Ministry of Research Technology and Higher Education Republic of Indonesia,1
no,0,Herdian Tohir,57210468070,Post Doctoral Grant - Ministry of Research Technology and Higher Education Republic of Indonesia,1
no,0,Puspa Indahati Sandyaduhita,57211243607,PDUPT Research Grant - Ministry of Research Technology and Higher Education Republic of Indonesia,1
no,0,Harits Muhammad,57210465441,Hibah PITTA - Universitas Indonesia,1
no,0,Harits Muhammad,57210465441,Hibah PIT9 - Universitas Indonesia,1
no,0,Faishal Wahiduddin,57210468803,Hibah PITTA - Universitas Indonesia,1
no,0,Kevin M. Situmorang,57209973805,Hibah PITTA - Universitas Indonesia,1
no,0,Noni Yuniana Putri Pamungkas,57210465873,Hibah PITTA - Universitas Indonesia,1
no,0,Canrakerta,57209969714,Hibah PITTA - Universitas Indonesia,1
no,1,Arief Sartono,57207046701,PDUPT Research Grant - Ministry of Research Technology and Higher Education Republic of Indonesia,1
no,0,Arief Donnie Prasetya,57211239831,PDUPT Research Grant - Ministry of Research Technology and Higher Education Republic of Indonesia,1
no,0,Rela Sabtiana,57208283578,Hibah PITTA - Universitas Indonesia,1
no,0,Tommy Wijaya Sagala,57207310513,Hibah PITTA - Universitas Indonesia,1
no,0,Calandra Alencia Haryani,57208279850,Hibah PITTA - Universitas Indonesia,1
no,4,undefined Meyliana,57203859161,PDUPT Research Grant - Ministry of Research Technology and Higher Education Republic of Indonesia,1
no,0,Annisa Monicha Sari,57207598085,PDUPT Research Grant - Ministry of Research Technology and Higher Education Republic of Indonesia,1
no,1,Muhammad Fadhil Dzulfikar,57200214175,Hibah PIT9 - Universitas Indonesia,1
no,1,Fajar Gumelar Pratama,53980458700,Hibah PITTA - Universitas Indonesia,1
no,1,Surya Astana,57207764868,Hibah PITTA - Universitas Indonesia,1
no,2,Valentinus Paramarta,57193119499,Hibah PITTA - Universitas Indonesia,1
no,0,Nabila Clydea Harahap,57208437626,Hibah PITTA - Universitas Indonesia,1
no,0,Muhammad Jihad,57207310563,Hibah PITTA - Universitas Indonesia,1
no,0,Ardhian Dharma,57207295843,Hibah PITTA - Universitas Indonesia,1
no,3,Hendry Tju,57190164831,PDUPT Research Grant - Ministry of Research Technology and Higher Education Republic of Indonesia,1
no,1,Ima Zanu Setyaningrum,57207312838,PDUPT Research Grant - Ministry of Research Technology and Higher Education Republic of Indonesia,1
no,1,Arifianita Febrina Putri,57207308809,PDUPT Research Grant - Ministry of Research Technology and Higher Education Republic of Indonesia,1
no,1,Faizal Nasution,57207301061,PDUPT Research Grant - Ministry of Research Technology and Higher Education Republic of Indonesia,1
yes,7,Ari Wibisono,55625531300,Hibah Q1Q2 - Universitas Indonesia,1
yes,7,Ari Wibisono,55625531300,PUPT Research Grant - Ministry of Research Technology and Higher Education Republic of Indonesia,1
yes,8,Adila Alfa Krisnadhi,23467371600,Fundação para a Ciência e a Tecnologia,1
yes,2,Larastri Kumaralalita,55014232200,Faculty of Computer Science - Universitas Indonesia,1
yes,5,Wahyu Catur Wibowo,56126778500,PUPT Research Grant - Ministry of Research Technology and Higher Education Republic of Indonesia,1
yes,5,Wahyu Catur Wibowo,56126778500,"Research and Technology Transfer office (RTTO), Bina Nusantara University",1
yes,3,Betty Purwandari,56716397400,PDUPT Research Grant - Ministry of Research Technology and Higher Education Republic of Indonesia,1
yes,3,Betty Purwandari,56716397400,Hibah PIT9 - Universitas Indonesia,1
yes,2,Widijanto Satyo Nugroho,57193834555,Hibah PITTA - Universitas Indonesia,1
yes,2,Larastri Kumaralalita,55014232200,Hibah PIT9 - Universitas Indonesia,1
yes,3,Ave Adriana Pinem,56626063000,PUPT Research Grant - Ministry of Research Technology and Higher Education Republic of Indonesia,1
yes,0,Rahmat Mustafa Samik-Ibrahim,57211059390,Hibah PIT9 - Universitas Indonesia,1
yes,6,Dana Indra Sensuse,53264793000,PUPT Research Grant - Ministry of Research Technology and Higher Education Republic of Indonesia,1
yes,6,Dana Indra Sensuse,53264793000,"The Center for Research and Development of Postal and Information Technology Resources, Equipment and Services",1
yes,6,Dana Indra Sensuse,53264793000,"The Center for Research and Development of Application Informatics, Ministry of Communication and Informatics, Republics of Indonesia",1
yes,6,Dana Indra Sensuse,53264793000,"The Scientific Modeling, Application, Research and Training for City-centered Innovation and Technology (SMART CITY) Project - Universitas Indonesia",1
yes,4,Qorib Munajat,57190865720,PDUPT Research Grant - Ministry of Research Technology and Higher Education Republic of Indonesia,1
yes,7,Indra Budi,14021131100,Center of Excellence for Higher Education Research Grant - Ministry of Research Technology and Higher Education Republic of Indonesia,1
yes,2,Satrio Baskoro Yudhoatmojo,57188985405,Faculty of Computer Science - Universitas Indonesia,1
yes,2,Widia Resti Fitriani,57193701425,Hibah PIT9 - Universitas Indonesia,1
yes,8,Adila Alfa Krisnadhi,23467371600,The German Research Foundation (DFG),1
yes,6,Puspa Indahati Sandhyaduhita,56118787200,PUPT Research Grant - Ministry of Research Technology and Higher Education Republic of Indonesia,1
yes,9,Achmad Nizar Hidayanto,57205093001,Universitas Pasundan,1
yes,9,Achmad Nizar Hidayanto,57205093001,Faculty of Computer Science - Universitas Indonesia,1
yes,9,Achmad Nizar Hidayanto,57205093001,Multi-discipline Research Grant - Universitas Indonesia,1
yes,6,Puspa Indahati Sandhyaduhita,56118787200,"Ministry of Science and Technology, Taiwan, ROC (Republic of China)",1
yes,6,Puspa Indahati Sandhyaduhita,56118787200,PDUPT Research Grant - Ministry of Research Technology and Higher Education Republic of Indonesia,1
yes,6,Puspa Indahati Sandhyaduhita,56118787200,Hibah PIT9 - Universitas Indonesia,1
yes,6,Puspa Indahati Sandhyaduhita,56118787200,Faculty of Computer Science - Universitas Indonesia,1
yes,2,Widia Resti Fitriani,57193701425,Hibah PITTA - Universitas Indonesia,1
yes,6,Bobby Achirul Awal Nazief,6508196587,LPDP-BUDI DN,1
yes,6,Bobby Achirul Awal Nazief,6508196587,Faculty of Computer Science - Universitas Indonesia,1
yes,6,Bobby Achirul Awal Nazief,6508196587,Apple Computer and the Digital Equipment Corporation External Research Program,1
yes,6,Bobby Achirul Awal Nazief,6508196587,AT&T Intel Scientific Computers and the Digital Equipment Corporation External Research Program,1
yes,2,Yova Ruldeviyani,56119154900,PDUPT Research Grant - Ministry of Research Technology and Higher Education Republic of Indonesia,1
yes,2,Yova Ruldeviyani,56119154900,PUPT Research Grant - Ministry of Research Technology and Higher Education Republic of Indonesia,1
yes,6,Alfan Farizki Wicaksono,55522888300,Hibah PITTA - Universitas Indonesia,1
yes,6,Alfan Farizki Wicaksono,55522888300,SIGIR,1
yes,6,Alfan Farizki Wicaksono,55522888300,University of Melbourne Google-funded travel grants,1
yes,10,Petrus Mursanto,24176993000,Hibah Riset Awal -  Universitas Indonesia and Directorate of Higher Education MP3EI,1
yes,1,Samuel Louvan,55585368600,PhD scholarship - Fondazione Bruno Kessler,1
yes,1,Samuel Louvan,55585368600,Allen Institute for Artificial Intelligence,1
yes,7,Mirna Adriani,35611399700,The Singapore National Research Foundation,1
yes,7,Mirna Adriani,35611399700,"I-MHERE Project - Faculty of Computer Science, Universitas Indonesia",1
yes,7,Mirna Adriani,35611399700,World Bank Group,1
yes,7,Mirna Adriani,35611399700,"Directorate General Higher Education, Ministry of Education and Cultural Indonesia",1
yes,10,Petrus Mursanto,24176993000,"PEKERTI Grant - Directorate General Higher Education, Ministry of Education and Cultural Indonesia",1
yes,1,Arlisa Yuliawati,55625316600,Hibah PITTA - Universitas Indonesia,1
yes,18,Wisnu Jatmiko,8568432600,The National Innovation System Research Incentive Program (INSINAS) - Ministry of Research Technology and Higher Education Republic of Indonesia,1
yes,18,Wisnu Jatmiko,8568432600,Hibah Riset Awal -  Universitas Indonesia and Directorate of Higher Education MP3EI,1
yes,18,Wisnu Jatmiko,8568432600,"PEKERTI Grant - Directorate General Higher Education, Ministry of Education and Cultural Indonesia",1
yes,8,Adila Alfa Krisnadhi,23467371600,The Dayton Area Graduate Studies Institute (DAGSI),1
yes,8,Adila Alfa Krisnadhi,23467371600,The Air Force Office of Scientific Research,1
yes,8,Adila Alfa Krisnadhi,23467371600,The U.S. National Science Foundation’s EarthCube,1
yes,1,Samuel Louvan,55585368600,Fulbright Indonesia Presidential Scholarship PhD Grant,1
yes,1,Dadan Hardianto,6504731736,Hibah PITTA - Universitas Indonesia,1
yes,6,R. Yugo Kartono Isal,6507865865,Multi-discipline Research Grant - Universitas Indonesia,1
yes,6,R. Yugo Kartono Isal,6507865865,Hibah PITTA - Universitas Indonesia,1
yes,4,Kasiyah,56461394900,PUPT Research Grant - Ministry of Research Technology and Higher Education Republic of Indonesia,1
yes,3,Dina Chahyati,6503971709,PTUPT Grant - Ministry of Research Technology and Higher Education Republic of Indonesia,1
yes,4,Ika Alfina,55867324700,Hibah PITTA - Universitas Indonesia,1
yes,4,Eko Kuswardono Budiardjo,6505807438,Hibah PIT9 - Universitas Indonesia,1
yes,2,Siti Aminah,57201080360,Faculty of Computer Science - Universitas Indonesia,1
yes,2,Siti Aminah,57201080360,Hibah PITTA - Universitas Indonesia,1
yes,10,Aniati Murni Arymurthy,36815724000,Diponegoro University,1
yes,10,Aniati Murni Arymurthy,36815724000,"Sandwich-Like Program - Directorate General Higher Education, Ministry of Education and Cultural Indonesia",1
yes,10,Aniati Murni Arymurthy,36815724000,PDD Research Grant - Ministry of Research Technology and Higher Education Republic of Indonesia,1
yes,3,Bob Hardian Syahbuddin,15044388200,Hibah PITTA - Universitas Indonesia,1
yes,6,Yudho Giri Sucahyo,6507465058,KOICA Republic of Korea,1
yes,6,Yudho Giri Sucahyo,6507465058,MCIT Republic of Indonesia,1
yes,6,Yudho Giri Sucahyo,6507465058,Hibah PIT9 - Universitas Indonesia,1
no,0,Pamuji Lasiyanto Putro,57205060763,Hibah PITTA - Universitas Indonesia,1
no,0,Ferizka Tiara Devani,57210461940,Hibah PITTA - Universitas Indonesia,1
no,0,Rosa N. Rizky Ft,57210816886,Hibah PIT9 - Universitas Indonesia,1
no,2,Andie Setiyoko,56237045300,The National Innovation System Research Incentive Program (INSINAS) - Ministry of Research Technology and Higher Education Republic of Indonesia,1
no,2,Cong Wang,55814521900,Fundação para a Ciência e a Tecnologia,1
yes,9,Achmad Nizar Hidayanto,57205093001,LPDP-BUDI DN,1
no,11,Marcel Kyas,55973105000,Samsung R&D Institute Indonesia (SRIN),1
no,44,Justin Zobel,7003595103,The Australian Research Council,1
no,44,Justin Zobel,7003595103,Seek.com,1
no,1,Pudy Prima,57201990089,LPDP - Ministry of Finance Republic of Indonesia,1
no,1,Rahmat Arief,56200121800,The National Innovation System Research Incentive Program (INSINAS) - Ministry of Research Technology and Higher Education Republic of Indonesia,1
no,2,Cong Wang,55814521900,The National Science Foundation,1
no,1,Rachmat Maulana,57209317918,The National Innovation System Research Incentive Program (INSINAS) - Ministry of Research Technology and Higher Education Republic of Indonesia,1
no,1,Shadiq Ali,57209318404,The National Innovation System Research Incentive Program (INSINAS) - Ministry of Research Technology and Higher Education Republic of Indonesia,1
no,4,Dodi Sudiana,21934788800,The National Innovation System Research Incentive Program (INSINAS) - Ministry of Research Technology and Higher Education Republic of Indonesia,1
no,0,Daniel Sande Bona,57207304146,Hibah PITTA - Universitas Indonesia,1
no,4,Derwin Suhartono,55834784000,PDD Research Grant - Ministry of Research Technology and Higher Education Republic of Indonesia,1
no,1,Aryo Pradipta Gema,57197731704,PDD Research Grant - Ministry of Research Technology and Higher Education Republic of Indonesia,1
no,2,Cong Wang,55814521900,Fulbright Indonesia Presidential Scholarship PhD Grant,1
no,10,Frederick W. Maier,7005680695,Fundação para a Ciência e a Tecnologia,1
no,1,Theodorus David,57197732271,PDD Research Grant - Ministry of Research Technology and Higher Education Republic of Indonesia,1
no,8,Margaret E.R. O’Brien,56440101100,The National Science Foundation,1
no,2,Douglas Fils,16031129800,The National Science Foundation,1
no,46,Tim Finin,7003679538,The National Science Foundation,1
no,8,Matthew B. Jones,57203774541,The National Science Foundation,1
no,10,Kerstin A. Lehnert,24171247000,The National Science Foundation,1
no,1,Audrey Mickle,57031748000,The National Science Foundation,1
no,20,Mark P. Schildhauer,8902317200,The National Science Foundation,1
no,2,David Carral Martínez,55568137400,The National Science Foundation,1
no,10,Frederick W. Maier,7005680695,Fulbright Indonesia Presidential Scholarship PhD Grant,1
no,2,David Carral Martínez,55568137400,Fulbright Indonesia Presidential Scholarship PhD Grant,1
no,2,David Carral Martínez,55568137400,Fundação para a Ciência e a Tecnologia,1
no,10,Matthias Knorr,36447632600,The National Science Foundation,1
no,10,Matthias Knorr,36447632600,Fulbright Indonesia Presidential Scholarship PhD Grant,1
no,10,Matthias Knorr,36447632600,Fundação para a Ciência e a Tecnologia,1
no,10,Frederick W. Maier,7005680695,The National Science Foundation,1
no,1,Suhendro Winton,57197730255,PDD Research Grant - Ministry of Research Technology and Higher Education Republic of Indonesia,1
no,1,I. Gede Wahyu Surya Dharma,57193862912,Hibah PITTA - Universitas Indonesia,1
no,0,Vidya Qoriah Putri,57210460909,Hibah PITTA - Universitas Indonesia,1
no,0,Ammar Fathin Sabili,57203287437,Hibah PITTA - Universitas Indonesia,1
no,12,Ruli Manurung,24468719300,"Sandwich-Like Program - Directorate General Higher Education, Ministry of Education and Cultural Indonesia",1
no,12,Ruli Manurung,24468719300,Diponegoro University,1
no,5,Ary Noviyanto,55015183800,The National Innovation System Research Incentive Program (INSINAS) - Ministry of Research Technology and Higher Education Republic of Indonesia,1
no,8,B. Hardjono,55339290100,Hibah Riset Awal -  Universitas Indonesia and Directorate of Higher Education MP3EI,1
no,4,Retno Kusumaningrum,48361474500,"Sandwich-Like Program - Directorate General Higher Education, Ministry of Education and Cultural Indonesia",1
no,4,Retno Kusumaningrum,48361474500,Diponegoro University,1
no,0,Ammar Fathin Sabili,57203287437,Fundação para a Ciência e a Tecnologia,1
no,10,Hong Wei,35293930100,Diponegoro University,1
no,1,Syukri Mullia Adil Perkasa,57203284474,Hibah PITTA - Universitas Indonesia,1
no,1,Syukri Mullia Adil Perkasa,57203284474,Fundação para a Ciência e a Tecnologia,1
no,16,Davide D'Alimonte,6602605459,European Space Agency,1
no,9,Tamito Kajiyama,36194656100,European Space Agency,1
no,0,Hanifa Arrumaisha,57210813595,Hibah PIT9 - Universitas Indonesia,1
no,0,Zaki Raihan,57210819567,Hibah PIT9 - Universitas Indonesia,1
no,12,Ruli Manurung,24468719300,Hibah PITTA - Universitas Indonesia,1
no,10,Hong Wei,35293930100,"Sandwich-Like Program - Directorate General Higher Education, Ministry of Education and Cultural Indonesia",1
no,1,I. Gede Wahyu Surya Dharma,57193862912,PUPT Research Grant - Ministry of Research Technology and Higher Education Republic of Indonesia,1
no,3,L. M. Rasdi Rere,57188509100,Hibah PITTA - Universitas Indonesia,1
no,6,Devvi Sarwinda,56119401500,Hibah PIT9 - Universitas Indonesia,1
no,6,Devvi Sarwinda,56119401500,PUPT Research Grant - Ministry of Research Technology and Higher Education Republic of Indonesia,1
no,6,Devvi Sarwinda,56119401500,Hibah Q1Q2 - Universitas Indonesia,1
no,7,Alhadi Bustamam,36815737800,PUPT Research Grant - Ministry of Research Technology and Higher Education Republic of Indonesia,1
no,3,Vina Ayumi,56595279700,Hibah PITTA - Universitas Indonesia,1
no,3,Vina Ayumi,56595279700,Center of Excellence for Higher Education Research Grant - Ministry of Research Technology and Higher Education Republic of Indonesia,1
no,3,L. M. Rasdi Rere,57188509100,Center of Excellence for Higher Education Research Grant - Ministry of Research Technology and Higher Education Republic of Indonesia,1
no,3,Elin Cahyaningsih,56595080500,PUPT Research Grant - Ministry of Research Technology and Higher Education Republic of Indonesia,1
no,2,Ilham Kusuma,57193830084,Hibah PITTA - Universitas Indonesia,1
no,3,Hadaiq R. Sanabila,35796300700,Hibah PITTA - Universitas Indonesia,1
no,3,Hadaiq R. Sanabila,35796300700,The United States Agency for International Development (USAID),1
no,4,Hanif Arief Wisesa,57189234078,Hibah PITTA - Universitas Indonesia,1
no,4,Hanif Arief Wisesa,57189234078,Hibah Riset Awal -  Universitas Indonesia and Directorate of Higher Education MP3EI,1
no,7,Budi Wiweko,43061741400,Hibah PITTA - Universitas Indonesia,1
no,4,Lisa Raymond,7102737492,The National Science Foundation,1
no,47,Peter Howard Wiebe,7005575114,The National Science Foundation,1
no,4,Adam I. Shepherd,56113121200,The National Science Foundation,1
no,1,Gayuh Prima Pikarti,57192377502,Multi-discipline Research Grant - Universitas Indonesia,1
no,1,Agung Terminanto,55932622400,Post Doctoral Grant - Ministry of Research Technology and Higher Education Republic of Indonesia,1
no,2,Yuanisa Ditari,55320586000,Faculty of Computer Science - Universitas Indonesia,1
no,0,H. A. Swantoro,57200114199,Post Doctoral Grant - Ministry of Research Technology and Higher Education Republic of Indonesia,1
no,1,Fitriyani,57208282567,Post Doctoral Grant - Ministry of Research Technology and Higher Education Republic of Indonesia,1
no,1,Rahmi Johanes,57193826162,Hibah PITTA - Universitas Indonesia,1
no,1,Made Ayu Aristyana Dewi,57193689248,Hibah PITTA - Universitas Indonesia,1
no,2,Edson Yahuda Putra,57192379966,Multi-discipline Research Grant - Universitas Indonesia,1
no,9,Pornthep Anussornnitisarn,16309200100,Faculty of Computer Science - Universitas Indonesia,1
no,1,Siti Ina Sakinah,57194029220,Hibah PITTA - Universitas Indonesia,1
no,1,Siti Ina Sakinah,57194029220,Reliable Software Engineering (RSE) Laboratory - Universitas Indonesia,1
no,0,Hafiyyan Sayyid Fadhlillah,57207302399,Hibah PITTA - Universitas Indonesia,1
no,0,Hafiyyan Sayyid Fadhlillah,57207302399,Reliable Software Engineering (RSE) Laboratory - Universitas Indonesia,1
no,0,Andri Kurniawan,57203204096,Hibah PITTA - Universitas Indonesia,1
no,0,Andri Kurniawan,57203204096,Reliable Software Engineering (RSE) Laboratory - Universitas Indonesia,1
no,1,Riski Yuliansyah,57202131034,Hibah PITTA - Universitas Indonesia,1
no,9,Pornthep Anussornnitisarn,16309200100,Hibah PITTA - Universitas Indonesia,1
no,4,Peng Ji,55426308900,The National Science Foundation,1
no,11,Dwi Hendratmo Widyantoro,6602725346,Post Doctoral Grant - Ministry of Research Technology and Higher Education Republic of Indonesia,1
no,2,Arfive Gandhi,57188979780,Hibah PIT9 - Universitas Indonesia,1
no,2,Arfive Gandhi,57188979780,MCIT Republic of Indonesia,1
no,2,Arfive Gandhi,57188979780,KOICA Republic of Korea,1
no,1,Dona Kartika,57203206258,Hibah PITTA - Universitas Indonesia,1
no,1,M. Octaviano Pratama,57207806424,Hibah PITTA - Universitas Indonesia,1
no,1,Ruci Meiyanti,57203138269,Hibah PITTA - Universitas Indonesia,1
no,8,Tati Latifah Rajab Mengko,14019972600,Post Doctoral Grant - Ministry of Research Technology and Higher Education Republic of Indonesia,1
no,1,Rika Kharlina Ekawati,39761245500,Hibah PITTA - Universitas Indonesia,1
no,2,Oemie Kalsoem,56906981800,Post Doctoral Grant - Ministry of Research Technology and Higher Education Republic of Indonesia,1
no,1,Winangsari Pradani,56703537300,Hibah PITTA - Universitas Indonesia,1
no,2,Mochamad Wahyudi,57144449500,Post Doctoral Grant - Ministry of Research Technology and Higher Education Republic of Indonesia,1
no,0,Muhammad Baharudin Jusuf,57194717741,Hibah PITTA - Universitas Indonesia,1
no,0,Nilamsari Putri Utami,57202151978,Hibah PITTA - Universitas Indonesia,1
no,1,Rito Septi Tombe,57202154279,Hibah PITTA - Universitas Indonesia,1
no,6,Radu Muschevici,24768359400,Hibah PITTA - Universitas Indonesia,1
no,6,Radu Muschevici,24768359400,Reliable Software Engineering (RSE) Laboratory - Universitas Indonesia,1
no,1,Reza Mauliadi,57193693925,Hibah PITTA - Universitas Indonesia,1
no,9,Michelle Cheatham,13806682500,The National Science Foundation,1
no,32,Pascal Hitzler,8876646400,Fundação para a Ciência e a Tecnologia,1
no,1,Sumarsih Condroayu Purbarani,57188977443,Hibah PITTA - Universitas Indonesia,1
no,1,Sumarsih Condroayu Purbarani,57188977443,The United States Agency for International Development (USAID),1
no,1,Syaiful Reyneta Carissa Anwar,57204343112,Hibah PITTA - Universitas Indonesia,1
no,2,Lu Zhou,56318688900,The U.S. National Science Foundation’s EarthCube,1
no,9,Michelle Cheatham,13806682500,The U.S. National Science Foundation’s EarthCube,1
no,3,Md Kamruzzaman Sarker,57191668076,The German Research Foundation (DFG),1
no,1,Reza Mauliadi,57193693925,Reliable Software Engineering (RSE) Laboratory - Universitas Indonesia,1
no,6,David Carral,55813191900,The German Research Foundation (DFG),1
no,7,Tom Narock,6504641182,The National Science Foundation,1
no,7,Yingjie Hu,56442825900,The National Science Foundation,1
no,6,Robert A. Arko,7003524142,The National Science Foundation,1
no,34,Suzanne M.C. Carbotte,6701464856,The National Science Foundation,1
no,6,Cynthia L. Chandler,14014149800,The National Science Foundation,1
no,32,Pascal Hitzler,8876646400,The German Research Foundation (DFG),1
no,32,Pascal Hitzler,8876646400,The U.S. National Science Foundation’s EarthCube,1
no,32,Pascal Hitzler,8876646400,The Air Force Office of Scientific Research,1
no,32,Pascal Hitzler,8876646400,The Dayton Area Graduate Studies Institute (DAGSI),1
no,0,Quinn Hirt,57203409198,The Air Force Office of Scientific Research,1
no,0,Quinn Hirt,57203409198,The Dayton Area Graduate Studies Institute (DAGSI),1
no,3,Nazifa Karima,56413035400,The National Science Foundation,1
no,3,Nazifa Karima,56413035400,The Air Force Office of Scientific Research,1
no,3,Nazifa Karima,56413035400,The Dayton Area Graduate Studies Institute (DAGSI),1
no,0,Aaron Eberhart,57203407861,The Air Force Office of Scientific Research,1
no,0,Aaron Eberhart,57203407861,The Dayton Area Graduate Studies Institute (DAGSI),1
no,3,Cogan Shimizu,57197732226,The Air Force Office of Scientific Research,1
no,3,Cogan Shimizu,57197732226,The Dayton Area Graduate Studies Institute (DAGSI),1
no,1,Herley Shaori Al-Ash,57205062769,Hibah PITTA - Universitas Indonesia,1
no,0,Mei Silviana Saputri,57204431698,Hibah PITTA - Universitas Indonesia,1
no,1,Moh Afifun Naily,57200656560,Reliable Software Engineering (RSE) Laboratory - Universitas Indonesia,1
no,1,Moh Afifun Naily,57200656560,Hibah PITTA - Universitas Indonesia,1
no,1,Tomi Sirait,57189247598,KOICA Republic of Korea,1
